{
  "$schema": "http://schema.management.azure.com/schemas/2015-01-01/deploymentParameters.json#",
  "contentVersion": "1.0.0.0",
  "parameters": {
    "adminUsername": {
      "value": "ghuser"
    },
    "adminPassword": {
         "reference": {
      "keyVault": {
        "id": "/subscriptions/030c9b7a-f80c-46bb-bb8a-9c28f00d72b9/resourceGroups/keyvalutRG/providers/Microsoft.KeyVault/vaults/mykeyvaultz"
      }, 
      "secretName": "capgemini" 
    }
    },
    "dnsLabelPrefix": {
      "value": "GEN-UNIQUE"
    }
  }
}