{
  "$schema": "http://schema.management.azure.com/schemas/2014-04-01-preview/deploymentTemplate.json",
  "contentVersion": "1.0.0.0",
  "parameters": {
    "newStorageAccountName": {
      "type": "string",
      "metadata": {
          "description": "Name of the Storage Account"
      }
    },
    "storageAccountType": {
      "type": "string",
      "defaultValue": "Standard_LRS",
      "allowedValues": [
        "Standard_LRS",
        "Standard_GRS",
        "Standard_ZRS"
      ],
      "metadata": {
          "description": "Storage Account type"
      }
    },
	"password": {
	  "type" : "string"
	},
    "location": {
      "type": "string",
      "defaultValue" : "West US",
      "allowedValues": [
        "West US",
        "East US"
      ],
      "metadata": {
          "description": "Location of storage account"
      }
    }
  },
  "resources": [
    {
      "type": "Microsoft.Storage/storageAccounts",
      "name": "[parameters('newStorageAccountName')]",
      "apiVersion": "2014-12-01-preview",
      "location": "[parameters('location')]",
      "properties": {
        "accountType": "[parameters('storageAccountType')]"
      }
    }
  ],
  "outputs": {
    "hostname": {
      "type": "string",
      "value": "[parameters('password')]"
    }
  }
  
}