{
    "$schema": "http://schema.management.azure.com/schemas/2014-04-01-preview/deploymentTemplate.json",
    "contentVersion": "1.0.0.0",
    "parameters": {
        "newStorageAccountName": {
            "type": "string",
            "defaultValue": "uniqueStorageName"
        },
        "location": {
            "type": "string",
            "defaultValue": "West US"
        },
		"vmDnsName": {
            "type": "string",
            "defaultValue": "uniqueDNS"
        },
        "adminUsername": {
            "type": "string"
        },
        "adminPassword": {
            "type": "securestring"
        },
        "mySqlPassword": {
            "type": "securestring"
        }
    },
    "variables": {
        "nicName": "VMNic",
        "addressPrefix": "10.0.0.0/16",
        "subnetName": "Subnet-1",
        "subnetPrefix": "10.0.0.0/24",
        "vmSourceImageName": "b39f27a8b8c64d52b05eac6a62ebad85__Ubuntu-14_04_2_LTS-amd64-server-20150309-en-us-30GB",
	   "storageAccountType": "Standard_LRS",
        "publicIPAddressName": "publicIP",
        "publicIPAddressType": "Dynamic",
        "vmStorageAccountContainerName": "vhds",
        "vmName": "[parameters('vmDnsName')]",
        "vmSize": "Standard_A0",
        "virtualNetworkName": "WPVNET",
        "sourceImageName": "[concat('/',subscription().subscriptionId,'/services/images/',variables('vmSourceImageName'))]",
        "vnetID": "[resourceId('Microsoft.Network/virtualNetworks',variables('virtualNetworkName'))]",
        "subnetRef": "[concat(variables('vnetID'),'/subnets/',variables('subnetName'))]"
    },
    "resources": [
        {
            "type": "Microsoft.Storage/storageAccounts",
            "name": "[parameters('newStorageAccountName')]",
            "apiVersion": "2014-12-01-preview",
            "location": "[parameters('location')]",
            "properties": {
                "accountType": "[variables('storageAccountType')]"
            }
        },
        {
            "apiVersion": "2014-12-01-preview",
            "type": "Microsoft.Network/publicIPAddresses",
            "name": "[variables('publicIPAddressName')]",
            "location": "[parameters('location')]",
            "properties": {
                "publicIPAllocationMethod": "[variables('publicIPAddressType')]",
                "dnsSettings": {
                    "domainNameLabel": "[parameters('vmDnsName')]"
                }
            }
        },
        {
            "apiVersion": "2014-12-01-preview",
            "type": "Microsoft.Network/virtualNetworks",
            "name": "[variables('virtualNetworkName')]",
            "location": "[parameters('location')]",
            "properties": {
                "addressSpace": {
                    "addressPrefixes": [
                        "[variables('addressPrefix')]"
                    ]
                },
                "subnets": [
                    {
                        "name": "[variables('subnetName')]",
                        "properties": {
                            "addressPrefix": "[variables('subnetPrefix')]"
                        }
                    }
                ]
            }
        },
        {
            "apiVersion": "2014-12-01-preview",
            "type": "Microsoft.Network/networkInterfaces",
            "name": "[variables('nicName')]",
            "location": "[parameters('location')]",
            "dependsOn": [
                "[concat('Microsoft.Network/publicIPAddresses/', variables('publicIPAddressName'))]",
                "[concat('Microsoft.Network/virtualNetworks/', variables('virtualNetworkName'))]"
            ],
            "properties": {
                "ipConfigurations": [
                    {
                        "name": "ipconfig1",
                        "properties": {
                            "privateIPAllocationMethod": "Dynamic",
                            "publicIPAddress": {
                                "id": "[resourceId('Microsoft.Network/publicIPAddresses',variables('publicIPAddressName'))]"
                            },
                            "subnet": {
                                "id": "[variables('subnetRef')]"
                            }
                        }
                    }
                ]
            }
        },
        {
            "apiVersion": "2014-12-01-preview",
            "type": "Microsoft.Compute/virtualMachines",
            "name": "[variables('vmName')]",
            "location": "[parameters('location')]",
            "dependsOn": [
                "[concat('Microsoft.Storage/storageAccounts/', parameters('newStorageAccountName'))]",
                "[concat('Microsoft.Network/networkInterfaces/', variables('nicName'))]"
            ],
            "properties": {
                "hardwareProfile": {
                    "vmSize": "[variables('vmSize')]"
                },
                "osProfile": {
                    "computername": "[variables('vmName')]",
                    "adminUsername": "[parameters('adminUsername')]",
                    "adminPassword": "[parameters('adminPassword')]"
                },
                "storageProfile": {
                    "sourceImage": {
                        "id": "[variables('sourceImageName')]"
                    },
                    "destinationVhdsContainer": "[concat('http://',parameters('newStorageAccountName'),'.blob.core.windows.net/',variables('vmStorageAccountContainerName'),'/')]"
                },
                "networkProfile": {
                    "networkInterfaces": [
                        {
                            "id": "[resourceId('Microsoft.Network/networkInterfaces',variables('nicName'))]"
                        }
                    ]
                }
            }
        },
		{
            "type": "Microsoft.Compute/virtualMachines/extensions",
            "name": "[concat(variables('vmName'),'/newuserscript')]",
            "apiVersion": "2014-12-01-preview",
            "location": "[parameters('location')]",
            "dependsOn": [
                "[concat('Microsoft.Compute/virtualMachines/', variables('vmName'))]"
            ],
            "properties": {
                "publisher": "Microsoft.OSTCExtensions",
                "type": "CustomScriptForLinux",
                "typeHandlerVersion": "1.2",
                "settings": {
                    "fileUris": [
                        "https://raw.githubusercontent.com/tomconte/azurermtemplates/master/ubuntu-wordpress-single-vm/install_wordpress.sh"
                    ],
                    "commandToExecute": "[concat('sh install_wordpress.sh ', parameters('mySqlPassword'))]"
                }
            }
        }
    ]
}