{
    "$schema": "https://schema.management.azure.com/schemas/2015-01-01/deploymentParameters.json#",
    "contentVersion": "1.0.0.0",
    "parameters": {
        "location": {
            "value": "southindia"
        },
        "virtualMachineName": {
            "value": "ubuntuVM"
        },
        "virtualMachineSize": {
            "value": "Standard_A0"
        },
        "adminUsername": {
            "value": "azure-user"
        },
        "storageAccountName": {
            "value": "myfirstresourcegroup367"
        },
        "virtualNetworkName": {
            "value": "myVnet"
        },
        "networkInterfaceName": {
            "value": "ubuntuvm472"
        },
        "networkSecurityGroupName": {
            "value": "ubuntuVM-nsg"
        },
        "adminPassword": {
         "reference": {
           "keyVault": {
                        "id": "/subscriptions/030c9b7a-f80c-46bb-bb8a-9c28f00d72b9/resourceGroups/keyvalutRG/providers/Microsoft.KeyVault/vaults/mykeyvaultz"
                       }, 
        "secretName": "capgemini" 
         }
        },
        "storageAccountType": {
            "value": "Standard_LRS"
        },
        "subnetName": {
            "value": "mySubnet1"
        },
        "publicIpAddressName": {
            "value": "ubuntuVM-ip"
        },
        "publicIpAddressType": {
            "value": "Dynamic"
        }
    }
}