{
    "newStorageAccountName": { "value": "contosorpdemo" },
    "networkInterfaceName": { "value": "Contoso-Nic-BE" },
    "loadBalancerName": { "value": "contosoILB" },
    "vmName": { "value": "BackendVM" },
    "virtualNetworkName": { "value": "ContosoVnet" },
    "availabilitySetName": { "value": "ContosoAS" },
	"subscriptionId": {"value": "030c9b7a-f80c-46bb-bb8a-9c28f00d72b9"},
	"availabilitySetName":{"value": "avset"},
	"storageAccountType":{"value": "Standard_LRS"},
	"vmStorageAccountContainerName": {"value": "majid"},
	"vmSize": {"value": "Standard_A0"},
	"vmSourceImageName": {"value": "a699494373c04fc0bc8f2bb1389d6106__Windows-Server-2012-Datacenter-201411.01-en.us-127GB.vhd"},
	"adminUserName": {"value": "majid"},
	"adminPassword": {"value": "majid"}
}