{
  "$schema": "https://schema.management.azure.com/schemas/2015-01-01/deploymentParameters.json#",
  "contentVersion": "1.0.0.0",
  "parameters": {
    "stdAdminUserName": {
      "value": "svcdfevminstall"
    },
    "stdAdminPassword": {
      "reference": {
       "keyVault": {
         "id": "/subscriptions/030c9b7a-f80c-46bb-bb8a-9c28f00d72b9/resourceGroups/newRG/providers/Microsoft.KeyVault/vaults/mykeyvault123"
         }, 
       "secretName": "pwdd" 
     }
    },
    "storageAccountName": {
      "value": "strgt1dvfft5044"
    },
    "shutdownSchedule": {
      "value": "04:00 -> 18:00, Saturday, Sunday"
    },
    "environment": {
      "value": "t1dv"
    },
    "costcenter": {
      "value": "DFE T1 Development"
    },
    "project": {
      "value": "FFT"
    },
    "vmSize": {
      "value": "Standard_D11_V2"
    },
    "disk1Size": {
      "value": 100
    },
    "networkName": {
      "value": "vnet5-t1dv"
    },
    "networkResourceGroup": {
      "value": "rg-t1dv-network"
    },
    "subnetName": {
      "value": "snet-t-t1dv-SQL01"
    },
    "vm01NicName": {
      "value": "vmt1dv-fftiis1-nic1"
    },
    "vm01IPAddress": {
      "value": "10.0.0.114"
    },
    "vm01VMName": {
      "value": "vmt1dv-fftiis1"
    },
    "dscConfiguration": {
      "value": "CoreNode"
    },
    "deploymentRole": {
      "value": "dev-fft-vm"
    }
  }
}