{
  "$schema": "https://schema.management.azure.com/schemas/2015-01-01/deploymentTemplate.json#",
  "contentVersion": "1.0.0.0",
  "parameters": { 
   "aaapwd": {
      "type": "string",
  }
  },

  "resources": [
    {
      "name": "mySG1",
      "type": "Microsoft.Network/networkSecurityGroups",
      "apiVersion": "2015-06-15",
      "location": "[resourceGroup().location]",
      "tags": {
        "displayName": "NetworkSecurityGroup"
      },
      "properties": {
        "securityRules": [
          {
            "name": "rule1",
            "properties": {
              "protocol": "*",
              "sourcePortRange": "*",
              "destinationPortRange": "*",
              "sourceAddressPrefix": "*",
              "destinationAddressPrefix": "*",
              "access": "Allow",
              "priority": 101,
              "direction": "Inbound"
            }
          }
        ]
      }
    }
  ],
  "outputs": {
    "aaapwd": {
	  "type": "string",
      "value": "[parameters('aaapwd')]"
    },
  }
}