{
  "$schema": "https://schema.management.azure.com/schemas/2015-01-01/deploymentTemplate.json#",
  "contentVersion": "1.0.0.0",
  "parameters": {
    "sasToken": { "type": "securestring" }
  },
  "variables": {
    "sharedBaseUrl": "https://mytemplatezz.blob.core.windows.net/mytemplate-container/",
    "secondTemplate": {
      "templateUrl": "[concat(variables('sharedBaseUrl'),'aaa.json', parameters('sasToken'))]",
      "paramUrl1": "[concat(variables('sharedBaseUrl'),'aaa.parameters.json', parameters('sasToken'))]",
	  "templateUr2": "[concat(variables('sharedBaseUrl'),'bbb.json', parameters('sasToken'))]",
      "paramUrl2": "[concat(variables('sharedBaseUrl'),'bbb.parameters.json', parameters('sasToken'))]"
    }
  },
  "resources": [
    {
      "apiVersion": "2015-01-01",
      "name": "webserverLinked1",
      "type": "Microsoft.Resources/deployments",
      "properties": {
        "mode": "Incremental",
        "templateLink": {
          "uri": "[variables('secondTemplate').templateUrl]",
          "contentVersion": "1.0.0.0"
        },
        "parametersLink": {
          "uri": "[variables('secondTemplate').paramUrl1]",
          "contentVersion": "1.0.0.0"
        }
      }
    },
	{
      "apiVersion": "2015-01-01",
      "name": "webserverLinked2",
      "type": "Microsoft.Resources/deployments",
	  "dependsOn": [        
        "[concat('Microsoft.Resources/deployments/', 'webserverLinked1')]"
      ],
      "properties": {
        "mode": "Incremental",
        "templateLink": {
          "uri": "[variables('secondTemplate').templateUr2]",
          "contentVersion": "1.0.0.0"
        },
        "parametersLink": {
          "uri": "[variables('secondTemplate').paramUrl2]",
          "contentVersion": "1.0.0.0"
        },
		
      }
    }
  ],
  "outputs": {
    "sasToken": {
	  "type": "string",
      "value": "[parameters('sasToken')]"
    },
  }
}