{
  "$schema": "https://schema.management.azure.com/schemas/2015-01-01/deploymentParameters.json#",
  "contentVersion": "1.0.0.0",
  "parameters": {
    "stdAdminUserName": {
      "value": "svcdfevminstall"
    },
	"stdAdminPassword": {
      "value": "DfeCapgemini@123"
    },
    "storageAccountName": {
      "value": "strgt1dv825407bb"
    },
    "shutdownSchedule": {
      "value": "19:00 -> 06:00, Saturday, Sunday"
    },
    "environment": {
      "value": "t1pp"
    },
    "costcenter": {
      "value": "DFE Dev"
    },
    "project": {
      "value": "Shared Services"
    },
    "vmSize": {
      "value": "Standard_A2"
    },
    "disk1Size": {
      "value": 135
    },
    "networkName": {
      "value": "vnet3-t1pp"
    },
    "networkResourceGroup": {
      "value": "rg-t1pp-network"
    },
    "subnetName": {
      "value": "default"
    },
    "vm01NicName": {
      "value": "vmt1pp-mgt-nic1"
    },
    "vm01IPAddress": { 
      "value": "10.7.0.6"
    },
    "vm01VMName": {
      "value": "vmt1dv-coll01"
    },
    "dscConfiguration": {
      "value": "CoreNode"
    },
    "deploymentRole": {
      "value": "dev-mgt"
    }
  }
}


