{
  "$schema": "https://schema.management.azure.com/schemas/2015-01-01/deploymentTemplate.json#",
  "contentVersion": "1.0.0.0",
  "parameters": {
    "sasToken": { "type": "securestring" }
  },
  "variables": {
    "sharedBaseUrl": "https://strgt1dvfft5044.blob.core.windows.net/templates/",
    "secondTemplate": {
      "templateUrl": "[concat(variables('sharedBaseUrl'),'base.json', parameters('sasToken'))]",
      "paramUrl1": "[concat(variables('sharedBaseUrl'),'base.parameters.json', parameters('sasToken'))]",
    }
  },
  "resources": [
    {
      "apiVersion": "2015-01-01",
      "name": "webserverLinked1",
      "type": "Microsoft.Resources/deployments",
      "properties": {
        "mode": "Incremental",
        "templateLink": {
          "uri": "[variables('secondTemplate').templateUrl]",
          "contentVersion": "1.0.0.0"
        },
        "parametersLink": {
          "uri": "[variables('secondTemplate').paramUrl1]",
          "contentVersion": "1.0.0.0"
        }
      }
    }
  
  ]
}